	Df	SumOfSqs	F	Pr(>F)
SM	1	0.788332586581508	1.92139923942844	0.001
OM	1	0.659341679285821	1.60701031857227	0.008
TK	1	0.531424971560443	1.29523953918648	0.07
Nitrate_N	1	0.767356593421741	1.87027455171484	0.002
Ammonium_N	1	0.462109514505916	1.12629730752924	0.212
Olsen_P	1	0.428623188112081	1.04468124451278	0.349
AK	1	0.688819800606693	1.67885720255218	0.004
EC	1	0.494938969106998	1.20631238006975	0.133
Residual	26	10.667562904426	NA	NA
