	Df	SumOfSqs	R2	F	Pr(>F)
site	3	1.680	0.36866	1.557	0.001
depth_order	2	0.944	0.06096	1.039	0.036
